{
  "seed": 59,
  "data_dir": "../data/",
  "dst_path": "../output/",
  "model_name": "final_unet",
  "telepyth_token": null,
  "patch_size": 80,
  "stride": 16,
  "overlapping_tr": true,
  "overlapping_te": true,
  "grayscale": false,
  "normalized": false,
  "gamma": true,
  "clahe": true,
  "rotations": [
    90,
    180,
    270
  ],
  "tr_losses": [],
  "val_losses": [],
  "epochs": 3,
  "sample_tr_img": null,
  "sample_te_img": null,
  "batch_size": 200,
  "verbose": 1,
  "validation_split": 0.0,
  "shuffle": true,
  "load_checkpoint": false,
  "save_best_only": true,
  "sub_epochs": 0
}